{
  "total_calls": 31238,
  "total_cost": 401.464749,
  "cache_savings": 35.254599999999996,
  "net_cost": 366.210149,
  "cost_per_judgement": 0.028605698250273395,
  "total_tokens": 58329171,
  "total_prompt_tokens": 30348017,
  "total_completion_tokens": 27981154,
  "cache_hit_rate": 36.76611818938472,
  "duration_hours": 54.04848444444444,
  "by_model": {
    "x-ai/grok-4-07-09": {
      "cost_total": 220.8,
      "cost_cache": -35.16,
      "generation_id": 11477,
      "tokens_prompt": 17915629,
      "tokens_completion": 13485177,
      "generation_time_ms": 32281.97,
      "net_cost": 185.64000000000001,
      "cost_per_call": 0.016174958612877932
    },
    "openai/gpt-5-2025-08-07": {
      "cost_total": 79.09,
      "cost_cache": -0.01,
      "generation_id": 6686,
      "tokens_prompt": 2292694,
      "tokens_completion": 7623627,
      "generation_time_ms": 26127.97,
      "net_cost": 79.08,
      "cost_per_call": 0.011827699670954232
    },
    "google/gemini-2.5-pro": {
      "cost_total": 56.2,
      "cost_cache": -0.08,
      "generation_id": 6613,
      "tokens_prompt": 3128600,
      "tokens_completion": 5237087,
      "generation_time_ms": 10398.02,
      "net_cost": 56.120000000000005,
      "cost_per_call": 0.008486314834417058
    },
    "anthropic/claude-4.5-sonnet-20250929": {
      "cost_total": 45.36,
      "cost_cache": 0.0,
      "generation_id": 6460,
      "tokens_prompt": 6962657,
      "tokens_completion": 1631688,
      "generation_time_ms": 5531.81,
      "net_cost": 45.36,
      "cost_per_call": 0.007021671826625387
    },
    "google/gemini-2.5-flash": {
      "cost_total": 0.02,
      "cost_cache": 0.0,
      "generation_id": 2,
      "tokens_prompt": 48437,
      "tokens_completion": 3575,
      "generation_time_ms": 14692.0,
      "net_cost": 0.02,
      "cost_per_call": 0.01
    }
  }
}